﻿<MonoDevelopProperties version="2.0">
  <Property key="MonoDevelop.Core.FirstRun" value="False" />
  <Property key="MonoDevelop.Ide.UserInterfaceTheme" value="" />
  <Property key="MonoDevelop.Ide.UserInterfaceLanguage" value="" />
  <Property key="MonoDevelop.EnableInstrumentation" value="False" />
  <Property key="MonoDevelop.Ide.DefaultTargetRuntime" value="__current" />
  <Property key="MonoDevelop.EnableAutomatedTesting" value="False" />
  <Property key="MonoDevelop.Debugger.DebuggingService.EnginePriority" value="Mono.Debugger.Soft.Custom,Mono.Debugger.Soft.MonoDroid,Mono.Debugger.Soft,Mono.Debugger.Soft.MonoMac,Mono.Debugger.Soft.AspNet,Mono.Debugger.Soft.Moonlight,Mono.Debugger.Soft.IPhone" />
  <Property key="MonoDevelop.ToolbarSize" value="Menu" />
  <Property key="MonoDevelop.Ide.WorkbenchCompactness" value="Compact" />
  <Property key="SharpDevelop.Workbench.WorkbenchMemento">
    <Property key="bounds" value="0, 22, 1920, 1032" />
    <Property key="windowState" value="0" />
    <Property key="fullscreen" value="False" />
    <Property key="toolbarStatus">
      <DockToolbarFrameStatus xmlns:xsi="http://www.w3.org/2001/XMLSchema-instance" xmlns:xsd="http://www.w3.org/2001/XMLSchema">
        <version>2</version>
        <layout id="">
          <dockbar id="/MonoDevelop/Ide/Toolbar/Standard">
            <visible>true</visible>
            <dockedPosition offset="0" row="0" placement="Top" />
          </dockbar>
          <dockbar id="/MonoDevelop/Ide/Toolbar/Search">
            <visible>true</visible>
            <dockedPosition offset="320" row="0" placement="Top" />
          </dockbar>
          <dockbar id="/MonoDevelop/Ide/Toolbar/Build">
            <visible>true</visible>
            <dockedPosition offset="544" row="0" placement="Top" />
          </dockbar>
          <dockbar id="/MonoDevelop/Ide/Toolbar/Layout">
            <visible>true</visible>
            <dockedPosition offset="870" row="0" placement="Top" />
          </dockbar>
          <dockbar id="/MonoDevelop/Ide/Toolbar/Navigation">
            <visible>true</visible>
            <dockedPosition offset="1007" row="0" placement="Top" />
          </dockbar>
          <dockbar id="/MonoDevelop/Ide/Toolbar/Debugger">
            <visible>true</visible>
            <dockedPosition offset="1106" row="0" placement="Top" />
          </dockbar>
        </layout>
        <layout id="Default">
          <dockbar id="/MonoDevelop/Ide/Toolbar/Standard">
            <visible>true</visible>
            <dockedPosition offset="0" row="0" placement="Top" />
          </dockbar>
          <dockbar id="/MonoDevelop/Ide/Toolbar/Search">
            <visible>true</visible>
            <dockedPosition offset="320" row="0" placement="Top" />
          </dockbar>
          <dockbar id="/MonoDevelop/Ide/Toolbar/Build">
            <visible>true</visible>
            <dockedPosition offset="544" row="0" placement="Top" />
          </dockbar>
          <dockbar id="/MonoDevelop/Ide/Toolbar/Layout">
            <visible>true</visible>
            <dockedPosition offset="870" row="0" placement="Top" />
          </dockbar>
          <dockbar id="/MonoDevelop/Ide/Toolbar/Navigation">
            <visible>true</visible>
            <dockedPosition offset="1078" row="0" placement="Top" />
          </dockbar>
          <dockbar id="/MonoDevelop/Ide/Toolbar/Debugger">
            <visible>true</visible>
            <dockedPosition offset="1177" row="0" placement="Top" />
          </dockbar>
        </layout>
        <layout id="Solution">
          <dockbar id="/MonoDevelop/Ide/Toolbar/Standard">
            <visible>true</visible>
            <dockedPosition offset="0" row="0" placement="Top" />
          </dockbar>
          <dockbar id="/MonoDevelop/Ide/Toolbar/Search">
            <visible>true</visible>
            <dockedPosition offset="320" row="0" placement="Top" />
          </dockbar>
          <dockbar id="/MonoDevelop/Ide/Toolbar/Build">
            <visible>true</visible>
            <dockedPosition offset="544" row="0" placement="Top" />
          </dockbar>
          <dockbar id="/MonoDevelop/Ide/Toolbar/Layout">
            <visible>false</visible>
            <dockedPosition offset="870" row="0" placement="Top" />
          </dockbar>
          <dockbar id="/MonoDevelop/Ide/Toolbar/Navigation">
            <visible>true</visible>
            <dockedPosition offset="870" row="0" placement="Top" />
          </dockbar>
          <dockbar id="/MonoDevelop/Ide/Toolbar/Debugger">
            <visible>true</visible>
            <dockedPosition offset="969" row="0" placement="Top" />
          </dockbar>
        </layout>
        <layout id="Debug">
          <dockbar id="/MonoDevelop/Ide/Toolbar/Standard">
            <visible>true</visible>
            <dockedPosition offset="0" row="0" placement="Top" />
          </dockbar>
          <dockbar id="/MonoDevelop/Ide/Toolbar/Search">
            <visible>true</visible>
            <dockedPosition offset="320" row="0" placement="Top" />
          </dockbar>
          <dockbar id="/MonoDevelop/Ide/Toolbar/Build">
            <visible>true</visible>
            <dockedPosition offset="544" row="0" placement="Top" />
          </dockbar>
          <dockbar id="/MonoDevelop/Ide/Toolbar/Layout">
            <visible>true</visible>
            <dockedPosition offset="870" row="0" placement="Top" />
          </dockbar>
          <dockbar id="/MonoDevelop/Ide/Toolbar/Navigation">
            <visible>true</visible>
            <dockedPosition offset="1078" row="0" placement="Top" />
          </dockbar>
          <dockbar id="/MonoDevelop/Ide/Toolbar/Debugger">
            <visible>true</visible>
            <dockedPosition offset="1177" row="0" placement="Top" />
          </dockbar>
        </layout>
      </DockToolbarFrameStatus>
    </Property>
  </Property>
  <Property key="MonoDevelop.Ide.CustomPadFont" value="" />
  <Property key="MonoDevelop.Ide.ExtensibleTreeView.Zoom.ProjectPad" value="1" />
  <Property key="SharpDevelop.UI.SelectStyleOptions">
    <Property key="MonoDevelop.Core.Gui.FileScout.ShowHidden" value="False" />
  </Property>
  <Property key="MonoDevelop.Core.Gui.Dialogs.NewProjectDialog.DefaultPath" value="/Users/jonathanpeppers/Desktop/" />
  <Property key="MonoDevelop.Core.Gui.FileScout.ShowHidden" value="False" />
  <Property key="SharpDevelop.TaskList.ShowErrors" value="True" />
  <Property key="SharpDevelop.TaskList.ShowWarnings" value="False" />
  <Property key="SharpDevelop.TaskList.ShowMessages" value="False" />
  <Property key="Monodevelop.ErrorListColumns" value="True;True;True;True;True;True;True" />
  <Property key="MonoDevelop.Ide.CustomOutputPadFont" value="" />
  <Property key="Monodevelop.UserTasksHighPrioColor" value="rgb:0/0/0" />
  <Property key="Monodevelop.UserTasksNormalPrioColor" value="rgb:0/0/0" />
  <Property key="Monodevelop.UserTasksLowPrioColor" value="rgb:0/0/0" />
  <Property key="Monodevelop.TaskList.ActiveView" value="MonoDevelop.Ide.Tasks.CommentTasksView" />
  <Property key="MonoDevelop.CodeCompletion.DataDirectory" value="/Users/jonathanpeppers/.config/MonoDevelop/CodeCompletionData" />
  <Property key="Monodevelop.TaskListTokens" value="FIXME:2;TODO:1;HACK:1;UNDONE:0" />
  <Property key="Monodevelop.CommentTasksColumns" value="TRUE;TRUE;TRUE;TRUE" />
  <Property key="ToolboxIsInCompactMode" value="False" />
  <Property key="MonoDevelop.PropertyPad.ShowHelp" value="True" />
  <Property key="MonoDevelop.Ide.ExtensibleTreeView.Zoom.MonoDevelop.NUnit.TestPad" value="1" />
  <Property key="MonoDevelop.Core.Gui.CurrentWorkbenchLayout" value="Default" />
  <Property key="MonoDevelop.Ide.AddinUpdater.CkeckForUpdates" value="True" />
  <Property key="MonoDevelop.Ide.AddinUpdater.LastCheck" value="10/10/2012 14:17:23" />
  <Property key="MonoDevelop.Ide.AddinUpdater.UpdateSpanValue" value="1" />
  <Property key="MonoDevelop.Ide.AddinUpdater.UpdateSpanUnit" value="Hour" />
  <Property key="MonoDevelop.Core.Gui.Dialog.TipOfTheDayView.ShowTipsAtStartup" value="False" />
  <Property key="AppUpdater.CheckAutomatically" value="False" />
  <Property key="AppUpdate.UpdateLevel" value="Beta" />
  <Property key="WelcomePage.ShowOnStartup" value="True" />
  <Property key="WelcomePage.UpdateFromInternet" value="False" />
  <Property key="SharpDevelop.LoadDocumentProperties" value="True" />
  <Property key="MonoDevelop.Core.LastRunVersion" value="2.4" />
  <Property key="MonoDevelop.Core.LastRunRevision" value="5" />
  <Property key="SharpDevelop.LoadPrevProjectOnStartup" value="False" />
  <Property key="MonoDevelop.FileSelector.LastPath" value="/Users/jonathanpeppers/Desktop/Omniprise/API/Omniprise.API.GBL" />
  <Property key="MonoDevelop.Ide.BuildWithMSBuild" value="False" />
  <Property key="MonoDevelop.Ide.ExtensibleTreeView.Zoom.ClassPad" value="1" />
  <Property key="WelcomePage.CloseWhenSolutionOpened" value="True" />
  <Property key="XmlEditor.AddIn.Options">
    <Property key="ShowSchemaAnnotation" value="False" />
    <Property key="AutoCompleteElements" value="False" />
    <Property key="AutoInsertFragment" value="False" />
  </Property>
  <Property key="MonoDevelop.Projects.Text.ConversionEncodings" value="" />
  <Property key="Monodevelop.FileSelector.LastPattern" value="*" />
  <Property key="TabIsReindent" value="False" />
  <Property key="EnableSemanticHighlighting" value="False" />
  <Property key="AutoInsertMatchingBracket" value="False" />
  <Property key="SmartSemicolonPlacement" value="False" />
  <Property key="EnableCodeCompletion" value="True" />
  <Property key="EnableParameterInsight" value="True" />
  <Property key="EnableQuickFinder" value="True" />
  <Property key="UnderlineErrors" value="False" />
  <Property key="IndentStyle" value="Smart" />
  <Property key="EditorFontType" value="DefaultMonospace" />
  <Property key="ShowLineNumberMargin" value="True" />
  <Property key="ShowFoldMargin" value="True" />
  <Property key="ShowInvalidLines" value="True" />
  <Property key="ShowTabs" value="False" />
  <Property key="ShowEolMarkers" value="False" />
  <Property key="HighlightCaretLine" value="False" />
  <Property key="ShowSpaces" value="False" />
  <Property key="EnableSyntaxHighlighting" value="True" />
  <Property key="HighlightMatchingBracket" value="True" />
  <Property key="ShowRuler" value="False" />
  <Property key="FontName" value="Monaco 12" />
  <Property key="ColorScheme" value="Default" />
  <Property key="DefaultRegionsFolding" value="False" />
  <Property key="DefaultCommentFolding" value="False" />
  <Property key="UseViModes" value="False" />
  <Property key="OnTheFlyFormatting" value="False" />
  <Property key="EnableAutoCodeCompletion" value="True" />
  <Property key="CompleteWithSpaceOrPunctuation" value="True" />
  <Property key="ControlLeftRightMode" value="MonoDevelop" />
  <Property key="EnableAnimations" value="False" />
  <Property key="MonoDevelop.Ide.NewShowMessageBubbles" value="ForErrorsAndWarnings" />
  <Property key="HideCaretStatusBox" value="True" />
  <Property key="CaretStatusBoxShowRealColumns" value="True" />
  <Property key="MonoDevelop.Core.Gui.EnableDocumentSwitchDialog" value="True" />
  <Property key="MonoDevelop.DefaultFileFormat" value="MSBuild10" />
  <Property key="MonoDevelop.Core.Gui.Pads.UseCustomFont" value="False" />
  <Property key="AutoSetPatternCasing" value="True" />
  <Property key="TabsToSpaces" value="False" />
  <Property key="MonoDevelop.Ide.BuildBeforeExecuting" value="True" />
  <Property key="MonoDevelop.Ide.BeforeCompileAction" value="SaveAllFiles" />
  <Property key="MonoTouch.Debugger.Port" value="10000" />
  <Property key="MonoTouch.Debugger.OutputPort" value="10001" />
  <Property key="MonoDevelop.Ide.NewShowErrorPadAfterBuild" value="OnErrors" />
  <Property key="MonoDevelop.Ide.NewJumpToFirstErrorOrWarning" value="Error" />
  <Property key="MonoDevelop.Ide.DefaultHideMessageBubbles" value="False" />
  <Property key="MonoDevelop.Ide.RunWithWarnings" value="True" />
  <Property key="SharpDevelop.CreateBackupCopy" value="False" />
  <Property key="IPhoneAddinSettings.ShowStartOnDeviceMessage" value="False" />
  <Property key="Author.Copyright" value="Hitcents" />
  <Property key="MonoDevelop.Debugger.DebuggingService.AllowTargetInvoke" value="True" />
  <Property key="MonoDevelop.Debugger.DebuggingService.AllowToStringCalls" value="True" />
  <Property key="MonoDevelop.Debugger.DebuggingService.EvaluationTimeout" value="2500" />
  <Property key="MonoDevelop.Debugger.DebuggingService.FlattenHierarchy" value="False" />
  <Property key="MonoDevelop.Debugger.DebuggingService.GroupPrivateMembers" value="True" />
  <Property key="MonoDevelop.Debugger.DebuggingService.GroupStaticMembers" value="True" />
  <Property key="MonoDevelop.Debugger.DebuggingService.ProjectAssembliesOnly" value="True" />
  <Property key="IsCaseSensitive" value="False" />
  <Property key="MonoDevelop.FindReplaceDialogs.FindHistory" value="MusicManager&#xA;hash&#xA;Stream&#xA;NSData&#xA;UIImage.FromBundle&#xA;fromfile&#xA;X += &#xA;cell.Frame&#xA;courselicensecontroll&#xA;Registration&#xA;ImageHeight2&#xA;ImageHeight4&#xA;pow&#xA;dismiss&#xA;presentviewcontroller&#xA;tryget&#xA;waitone&#xA;1024&#xA;itms-app&#xA;IPS record" />
  <Property key="MonoDevelop.FindReplaceDialogs.ReplaceHistory" value="_controller&#xA;imageHeight&#xA;4&#xA;3&#xA;2&#xA;&#xA;Padding&#xA;48&#xA;Height&#xA;HitcentsApp.&#xA;HitcentsApp&#xA;WidgetListParentController&#xA;WidgetListController" />
  <Property key="BufferSearchEngine" value="default" />
  <Property key="IsWholeWordOnly" value="False" />
  <Property key="Dialogs.NewFileDialog.LastSelectedCategory.IPhone.C#" value="General" />
  <Property key="Dialogs.NewProjectDialog.RecentTemplates" value="__nid_719,__nid_530,MonoDevelop.BlankSolution,__nid_664,__nid_669,__nid_672,__nid_615,__nid_674,__nid_695,__nid_682,__nid_673,__nid_691,__nid_717,__nid_639,__nid_692" />
  <Property key="Dialogs.NewProjectDialog.LastSelectedCategory" value="C#/MonoTouch" />
  <Property key="MonoDevelop.Core.Gui.Dialogs.NewProjectDialog.AutoCreateProjectSubdir" value="False" />
  <Property key="MonoTouch.Debugger.HostIP" value="" />
  <Property key="MonoDevelop.Ide.MSBuildVerbosity" value="Normal" />
  <Property key="MonoDevelop.GtkCore.ShowNonContainerWarning" value="True" />
  <Property key="MonoDevelop.GtkCore.AutoSwitchGuiLayout" value="False" />
  <Property key="MonoDevelop.Core.Assemblies.UserAssemblyContext">
    <ArrayOfString xmlns:xsi="http://www.w3.org/2001/XMLSchema-instance" xmlns:xsd="http://www.w3.org/2001/XMLSchema" />
  </Property>
  <Property key="Author.Name" value="Jonathan Peppers" />
  <Property key="Author.Email" value="" />
  <Property key="AssemblyBrowser.InspectLanguage" value="2" />
  <Property key="MonoDevelop.FindReplaceDialogs.SearchOptions">
    <Property key="Scope" value="0" />
    <Property key="CaseSensitive" value="True" />
    <Property key="WholeWordsOnly" value="False" />
    <Property key="RegexSearch" value="False" />
    <Property key="MonoDevelop.FindReplaceDialogs.FileMask" value="" />
    <Property key="IncludeBinaryFiles" value="False" />
    <Property key="IncludeHiddenFiles" value="False" />
    <Property key="SearchPathRecursively" value="False" />
  </Property>
  <Property key="MonoDevelop.FindReplaceDialogs.PathHistory" value="/Users/jonathanpeppers/Desktop/DrawAStickman/Game/Code/MonoGame.Framework&#xA;/Users/jonathanpeppers/Desktop/DrawAStickman/Game/Code/iOS&#xA;/Users/jonathanpeppers/Desktop/Mono/AEI/iOS/AEI&#xA;/Users/jonathanpeppers/Desktop/BestHF/BestHF.iPad/BestHF.iPad&#xA;/Users/jonathanpeppers/Desktop/BestHF/BestHF.iPad&#xA;/Users/jonathanpeppers/Desktop/DrawAStickman/DrawAStickman.iOS/MonoGame.Framework&#xA;/Users/jonathanpeppers/Desktop/Omniprise/iPhone/Omniprise/Omniprise.Lite&#xA;/Users/jonathanpeppers/Desktop/Omniprise/iPhone/Omniprise/Omniprise&#xA;/Users/jonathanpeppers/Desktop/Omniprise/iPhone/Omniprise" />
  <Property key="MonoDevelop.Projects.GlobalPolicyMimeTypes" value="" />
  <Property key="SharpDevelop.TaskList.LogSeparatorPosition" value="0.55719557195572" />
  <Property key="CBinding.DefaultCCompiler" value="gcc" />
  <Property key="CBinding.DefaultCppCompiler" value="g++" />
  <Property key="CBinding.ParseSystemTags" value="True" />
  <Property key="CBinding.ParseLocalVariables" value="False" />
  <Property key="MonoDevelop.LogList.ShowErrors" value="True" />
  <Property key="MonoDevelop.LogList.ShowWarnings" value="True" />
  <Property key="MonoDevelop.LogList.ShowMessages" value="False" />
  <Property key="MonoDevelop.LogList.ShowDebug" value="True" />
  <Property key="Author.Company" value="Hitcents" />
  <Property key="Author.Trademark" value="" />
  <Property key="AutoFormatDocumentOnSave" value="False" />
  <Property key="MonoDevelop.Feedback.Count" value="0" />
  <Property key="MonoTouch.Debugger.UsbDebugging" value="True" />
  <Property key="MonoDevelop.Ide.AddinUpdater.UpdateLevel" value="Beta" />
  <Property key="MonoDevelop.AnalysisCore">
    <Property key="AnalysisEnabled" value="False" />
  </Property>
  <Property key="ContextActions.text/x-csharp" value="" />
  <Property key="MonoDevelop.Xamarin.Ide.Mac.FirstRun" value="False" />
  <Property key="ContextActions.application/xml" value="" />
  <Property key="MonoTouch.Debugger.HeapShotPort" value="10002" />
  <Property key="MonoDevelop.Ide.AddinUpdater.TestMode" value="" />
  <Property key="UseAntiAliasing" value="True" />
  <Property key="UseFullSearchMatch" value="True" />
  <Property key="NavigateToDialog.DialogWidth" value="620" />
  <Property key="NavigateToDialog.DialogHeight" value="440" />
  <Property key="ContextActions.text/html" value="" />
  <Property key="CBinding.CTagsExecutable" value="ctags" />
  <Property key="MonoDevelop.DesignerSupport.ClassOutline.IsGrouped" value="False" />
  <Property key="MonoDevelop.DesignerSupport.ClassOutline.IsSorted" value="False" />
  <Property key="MonoDevelop.DesignerSupport.ClassOutline.GroupOrder" value="" />
  <Property key="MonoDevelop.Core.InstallUuid" value="c6c462fa-014e-40ad-a27d-870aee863e0c" />
  <Property key="ScrollBar.Mode" value="Normal" />
  <Property key="MonoDevelop.TextEditor.Document.Document.DefaultDocumentAggregatorProperties">
    <Property key="EnableCodeCompletion" value="True" />
  </Property>
  <Property key="MonoTouch.Debugger.UsePermanentConnection" value="True" />
  <Property key="EnableHighlightUsages" value="False" />
  <Property key="MonoDevelop.Ide.Projects.PolicyLocation" value="/Users/jonathanpeppers" />
  <Property key="ContextActions.text/x-chdr" value="" />
  <Property key="Dialogs.NewFileDialog.LastSelectedCategory.IPhoneBinding.C#" value="General" />
  <Property key="SharpDevelop.TaskList.OutputViewVisible" value="True" />
  <Property key="MonoDevelop.Debugger.DebuggingService.StepOverPropertiesAndOperators" value="True" />
  <Property key="LineEndingConversion" value="Ask" />
  <Property key="MonoDevelop.AnalysisCore.AnalysisEnabled" value="False" />
  <Property key="HideObsoleteItems" value="False" />
  <Property key="MonoDevelop.Ide.SelectEncodingsDialog.ConversionEncodings" value="65001,28605,1200" />
  <Property key="MonoDroid.Deployment.AdditionalEmulatorLaunchArgs" value="" />
  <Property key="MonoDroid.Deployment.PreserveDataCache" value="False" />
  <Property key="MonoDroid.Deployment.ProvideDebugSymbols" value="False" />
  <Property key="MonoDevelop.LogAgent.ReportCrashes" value="True" />
  <Property key="Dialogs.NewFileDialog.LastSelectedCategory" value="General" />
  <Property key="Xamarin.Ide.Welcome.ShowNextTime" value="True" />
</MonoDevelopProperties>