﻿<layouts>
  <layout name="Debug" width="1878" height="976" size="1878" prefSize="1878" defaultHorSize="-1" defaultVerSize="-1" type="Horizontal">
    <group size="339" prefSize="339" defaultHorSize="345" defaultVerSize="130" type="Tabbed" currentTabPage="0">
      <item size="0" prefSize="0" defaultHorSize="130" defaultVerSize="130" id="MonoDevelop.Ide.Gui.Pads.HelpTree" visible="False" status="Dockable" />
      <item size="0" prefSize="0" defaultHorSize="130" defaultVerSize="130" id="ConnectionManagerPad" visible="False" status="Dockable" />
      <item size="NaN" prefSize="NaN" defaultHorSize="130" defaultVerSize="130" id="ClassPad" visible="False" status="AutoHide" autoHidePosition="Left" autoHideSize="200" />
      <item size="NaN" prefSize="NaN" defaultHorSize="130" defaultVerSize="130" id="MonoDevelop.Ide.Gui.Pads.FileScout" visible="False" status="AutoHide" autoHidePosition="Left" autoHideSize="200" />
      <item size="0" prefSize="0" defaultHorSize="130" defaultVerSize="130" id="ProjectPad" visible="True" status="Dockable" autoHideSize="450" />
      <item size="NaN" prefSize="NaN" defaultHorSize="130" defaultVerSize="130" id="MonoDevelop.NUnit.TestPad" visible="True" status="AutoHide" autoHidePosition="Left" autoHideSize="200" />
      <item size="130" prefSize="130" defaultHorSize="130" defaultVerSize="130" id="__left" visible="False" status="Dockable" />
    </group>
    <group size="1536" prefSize="1536" defaultHorSize="95.1759991514778" defaultVerSize="130" type="Vertical">
      <item size="165.208333333333" prefSize="165.208333333333" defaultHorSize="130" defaultVerSize="165.208333333333" id="__top" visible="False" status="Dockable" />
      <item size="976" prefSize="976" defaultHorSize="130" defaultVerSize="165.208333333333" id="Documents" visible="True" status="Dockable" />
      <group size="166" prefSize="166" defaultHorSize="130" defaultVerSize="165.208333333333" type="Horizontal">
        <group size="1532" prefSize="1532" defaultHorSize="130" defaultVerSize="130" type="Tabbed" currentTabPage="0">
          <item size="0" prefSize="0" defaultHorSize="130" defaultVerSize="130" id="MonoDevelop.Ide.Gui.Pads.InternalLogPad" visible="False" status="Dockable" />
          <item size="0" prefSize="0" defaultHorSize="130" defaultVerSize="130" id="MonoDevelop.NUnit.TestResultsPad" visible="False" status="AutoHide" autoHidePosition="Bottom" autoHideSize="200" />
          <item size="0" prefSize="0" defaultHorSize="130" defaultVerSize="130" id="OutputPad-Version_Control-0" visible="False" status="AutoHide" autoHidePosition="Bottom" autoHideSize="200" />
          <item size="0" prefSize="0" defaultHorSize="130" defaultVerSize="130" id="OutputPad-Application_Output-0" visible="False" status="AutoHide" autoHidePosition="Bottom" autoHideSize="200" />
          <item size="0" prefSize="0" defaultHorSize="130" defaultVerSize="130" id="OutputPad-Deploy_to_Device-0" visible="False" status="AutoHide" autoHidePosition="Bottom" autoHideSize="200" />
          <item size="NaN" prefSize="NaN" defaultHorSize="130" defaultVerSize="130" id="MonoDevelop.Ide.Gui.Pads.ErrorListPad" visible="True" status="AutoHide" autoHidePosition="Bottom" autoHideSize="430" />
          <item size="NaN" prefSize="NaN" defaultHorSize="130" defaultVerSize="130" id="MonoDevelop.Ide.Gui.Pads.TaskListPad" visible="True" status="AutoHide" autoHidePosition="Bottom" autoHideSize="200" />
          <item size="0" prefSize="0" defaultHorSize="130" defaultVerSize="130" id="MonoDevelop.Debugger.WatchPad" visible="False" status="Dockable" />
          <item size="0" prefSize="0" defaultHorSize="130" defaultVerSize="130" id="MonoDevelop.Debugger.LocalsPad" visible="False" status="Dockable" />
          <item size="0" prefSize="0" defaultHorSize="130" defaultVerSize="130" id="MonoDevelop.Debugger.BreakpointPad" visible="False" status="Dockable" />
          <item size="0" prefSize="0" defaultHorSize="130" defaultVerSize="130" id="MonoDevelop.Debugger.ThreadsPad" visible="False" status="Dockable" />
          <item size="0" prefSize="0" defaultHorSize="130" defaultVerSize="130" id="SearchPad - Search Results - 0" visible="False" status="AutoHide" autoHidePosition="Bottom" autoHideSize="412" />
          <item size="0" prefSize="0" defaultHorSize="130" defaultVerSize="130" id="OutputPad-Makefiles_Output-0" visible="False" status="AutoHide" autoHidePosition="Bottom" autoHideSize="200" />
          <item size="0" prefSize="0" defaultHorSize="130" defaultVerSize="130" id="OutputPad-MonoDevelop.Ide.ApplicationOutput-0" visible="False" status="AutoHide" autoHidePosition="Bottom" autoHideSize="200" />
          <item size="0" prefSize="0" defaultHorSize="130" defaultVerSize="130" id="OutputPad-Deploy to Device-0" visible="False" status="AutoHide" autoHidePosition="Bottom" autoHideSize="200" />
          <item size="0" prefSize="0" defaultHorSize="130" defaultVerSize="130" id="OutputPad-MonoDevelop.VersionControlOutput-0" visible="False" status="AutoHide" autoHidePosition="Bottom" autoHideSize="200" />
          <item size="0" prefSize="0" defaultHorSize="130" defaultVerSize="130" id="OutputPad-Publish to TestFlight-0" visible="False" status="AutoHide" autoHidePosition="Bottom" autoHideSize="200" />
          <item size="0" prefSize="0" defaultHorSize="130" defaultVerSize="130" id="OutputPad-Zip App Bundle-0" visible="False" status="AutoHide" autoHidePosition="Bottom" autoHideSize="166" />
          <item size="130" prefSize="130" defaultHorSize="130" defaultVerSize="130" id="__bottom" visible="False" status="Dockable" />
        </group>
        <group size="1421" prefSize="1421" defaultHorSize="130" defaultVerSize="130" type="Tabbed" currentTabPage="0">
          <item size="0" prefSize="0" defaultHorSize="130" defaultVerSize="130" id="MonoDevelop.Debugger.StackTracePad" visible="True" status="AutoHide" autoHidePosition="Bottom" autoHideSize="139" />
          <item size="0" prefSize="0" defaultHorSize="130" defaultVerSize="130" id="MonoDevelop.Debugger.ImmediatePad" visible="False" status="Dockable" />
        </group>
      </group>
    </group>
    <group size="297.581653023122" prefSize="297.581653023122" defaultHorSize="297.581653023122" defaultVerSize="130" type="Vertical">
      <group size="152" prefSize="130" defaultHorSize="130" defaultVerSize="130" type="Tabbed" currentTabPage="0">
        <item size="NaN" prefSize="NaN" defaultHorSize="130" defaultVerSize="130" id="MonoDevelop.DesignerSupport.ToolboxPad" visible="True" status="AutoHide" autoHidePosition="Right" autoHideSize="200" />
        <item size="768" prefSize="768" defaultHorSize="130" defaultVerSize="130" id="__right" visible="False" status="Dockable" />
      </group>
      <group size="976" prefSize="976" defaultHorSize="130" defaultVerSize="130" type="Tabbed" currentTabPage="0">
        <item size="0" prefSize="0" defaultHorSize="130" defaultVerSize="130" id="MonoDevelop.DesignerSupport.PropertyPad" visible="True" status="AutoHide" autoHidePosition="Right" autoHideSize="342" />
        <item size="NaN" prefSize="NaN" defaultHorSize="130" defaultVerSize="130" id="MonoDevelop.DesignerSupport.DocumentOutlinePad" visible="True" status="AutoHide" autoHidePosition="Right" autoHideSize="200" />
      </group>
    </group>
  </layout>
  <layout name="Default" width="1878" height="976" size="1878" prefSize="1878" defaultHorSize="-1" defaultVerSize="-1" type="Horizontal">
    <group size="307.309090909092" prefSize="307.309090909092" defaultHorSize="307.662654243265" defaultVerSize="130" type="Tabbed" currentTabPage="0">
      <item size="0" prefSize="0" defaultHorSize="130" defaultVerSize="130" id="MonoDevelop.Ide.Gui.Pads.HelpTree" visible="False" status="Dockable" />
      <item size="0" prefSize="0" defaultHorSize="130" defaultVerSize="130" id="ClassPad" visible="False" status="AutoHide" autoHidePosition="Left" autoHideSize="200" />
      <item size="0" prefSize="0" defaultHorSize="130" defaultVerSize="130" id="ConnectionManagerPad" visible="False" status="Dockable" />
      <item size="0" prefSize="0" defaultHorSize="130" defaultVerSize="130" id="ProjectPad" visible="True" status="AutoHide" autoHidePosition="Left" autoHideSize="194" />
      <item size="NaN" prefSize="NaN" defaultHorSize="130" defaultVerSize="130" id="MonoDevelop.Ide.Gui.Pads.FileScout" visible="False" status="AutoHide" autoHidePosition="Left" autoHideSize="200" />
      <item size="NaN" prefSize="NaN" defaultHorSize="130" defaultVerSize="130" id="MonoDevelop.NUnit.TestPad" visible="True" status="AutoHide" autoHidePosition="Left" autoHideSize="200" />
      <item size="130" prefSize="130" defaultHorSize="130" defaultVerSize="130" id="__left" visible="False" status="Dockable" />
    </group>
    <group size="1878" prefSize="1878" defaultHorSize="116.758558510923" defaultVerSize="130" type="Vertical">
      <item size="165.208333333333" prefSize="165.208333333333" defaultHorSize="130" defaultVerSize="165.208333333333" id="__top" visible="False" status="Dockable" />
      <item size="976" prefSize="976" defaultHorSize="130" defaultVerSize="165.208333333333" id="Documents" visible="True" status="Dockable" />
      <group size="165.208333333333" prefSize="165.208333333333" defaultHorSize="130" defaultVerSize="165.208333333333" type="Horizontal">
        <group size="1878" prefSize="1878" defaultHorSize="130" defaultVerSize="130" type="Tabbed" currentTabPage="0">
          <item size="0" prefSize="0" defaultHorSize="130" defaultVerSize="130" id="MonoDevelop.Ide.Gui.Pads.InternalLogPad" visible="False" status="Dockable" />
          <item size="0" prefSize="0" defaultHorSize="130" defaultVerSize="130" id="MonoDevelop.Debugger.WatchPad" visible="False" status="Dockable" />
          <item size="0" prefSize="0" defaultHorSize="130" defaultVerSize="130" id="MonoDevelop.Debugger.LocalsPad" visible="False" status="Dockable" />
          <item size="0" prefSize="0" defaultHorSize="130" defaultVerSize="130" id="MonoDevelop.Debugger.BreakpointPad" visible="False" status="Dockable" />
          <item size="0" prefSize="0" defaultHorSize="130" defaultVerSize="130" id="MonoDevelop.Debugger.ThreadsPad" visible="False" status="Dockable" />
          <item size="0" prefSize="0" defaultHorSize="130" defaultVerSize="130" id="MonoDevelop.NUnit.TestResultsPad" visible="False" status="AutoHide" autoHidePosition="Bottom" autoHideSize="200" />
          <item size="NaN" prefSize="NaN" defaultHorSize="130" defaultVerSize="130" id="MonoDevelop.Ide.Gui.Pads.ErrorListPad" visible="True" status="AutoHide" autoHidePosition="Bottom" autoHideSize="200" />
          <item size="NaN" prefSize="NaN" defaultHorSize="130" defaultVerSize="130" id="MonoDevelop.Ide.Gui.Pads.TaskListPad" visible="True" status="AutoHide" autoHidePosition="Bottom" autoHideSize="200" />
          <item size="0" prefSize="0" defaultHorSize="130" defaultVerSize="130" id="OutputPad-Version_Control-0" visible="False" status="AutoHide" autoHidePosition="Bottom" autoHideSize="200" />
          <item size="0" prefSize="0" defaultHorSize="130" defaultVerSize="130" id="OutputPad-Application_Output-0" visible="False" status="AutoHide" autoHidePosition="Bottom" autoHideSize="200" />
          <item size="0" prefSize="0" defaultHorSize="130" defaultVerSize="130" id="OutputPad-Deploy_to_Device-0" visible="False" status="AutoHide" autoHidePosition="Bottom" autoHideSize="200" />
          <item size="0" prefSize="0" defaultHorSize="130" defaultVerSize="130" id="SearchPad - Search Results - 0" visible="False" status="AutoHide" autoHidePosition="Bottom" autoHideSize="166" />
          <item size="0" prefSize="0" defaultHorSize="130" defaultVerSize="130" id="OutputPad-Makefiles_Output-0" visible="False" status="AutoHide" autoHidePosition="Bottom" autoHideSize="200" />
          <item size="0" prefSize="0" defaultHorSize="130" defaultVerSize="130" id="OutputPad-MonoDevelop.Ide.ApplicationOutput-0" visible="False" status="AutoHide" autoHidePosition="Bottom" autoHideSize="200" />
          <item size="0" prefSize="0" defaultHorSize="130" defaultVerSize="130" id="OutputPad-Deploy to Device-0" visible="False" status="AutoHide" autoHidePosition="Bottom" autoHideSize="200" />
          <item size="0" prefSize="0" defaultHorSize="130" defaultVerSize="130" id="OutputPad-MonoDevelop.VersionControlOutput-0" visible="False" status="AutoHide" autoHidePosition="Bottom" autoHideSize="200" />
          <item size="0" prefSize="0" defaultHorSize="130" defaultVerSize="130" id="OutputPad-Publish to TestFlight-0" visible="False" status="AutoHide" autoHidePosition="Bottom" autoHideSize="200" />
          <item size="0" prefSize="0" defaultHorSize="130" defaultVerSize="130" id="OutputPad-Zip App Bundle-0" visible="False" status="AutoHide" autoHidePosition="Bottom" autoHideSize="200" />
          <item size="130" prefSize="130" defaultHorSize="130" defaultVerSize="130" id="__bottom" visible="False" status="Dockable" />
        </group>
        <group size="0" prefSize="0" defaultHorSize="130" defaultVerSize="130" type="Tabbed" currentTabPage="0">
          <item size="0" prefSize="0" defaultHorSize="-1" defaultVerSize="-1" id="MonoDevelop.Debugger.StackTracePad" visible="False" status="Dockable" />
          <item size="0" prefSize="0" defaultHorSize="130" defaultVerSize="130" id="MonoDevelop.Debugger.ImmediatePad" visible="False" status="Dockable" />
        </group>
      </group>
    </group>
    <group size="129.999999999999" prefSize="129.999999999999" defaultHorSize="129.999999999999" defaultVerSize="130" type="Vertical">
      <group size="768" prefSize="768" defaultHorSize="130" defaultVerSize="130" type="Tabbed" currentTabPage="0">
        <item size="NaN" prefSize="NaN" defaultHorSize="130" defaultVerSize="130" id="MonoDevelop.DesignerSupport.ToolboxPad" visible="True" status="AutoHide" autoHidePosition="Right" autoHideSize="200" />
        <item size="130" prefSize="130" defaultHorSize="-1" defaultVerSize="-1" id="__right" visible="False" status="Dockable" />
      </group>
      <group size="768" prefSize="768" defaultHorSize="130" defaultVerSize="130" type="Tabbed" currentTabPage="0">
        <item size="768" prefSize="768" defaultHorSize="130" defaultVerSize="130" id="MonoDevelop.DesignerSupport.PropertyPad" visible="True" status="AutoHide" autoHidePosition="Right" autoHideSize="200" />
        <item size="NaN" prefSize="NaN" defaultHorSize="130" defaultVerSize="130" id="MonoDevelop.DesignerSupport.DocumentOutlinePad" visible="True" status="AutoHide" autoHidePosition="Right" autoHideSize="200" />
      </group>
    </group>
  </layout>
  <layout name="Solution" width="1899" height="976" size="1899" prefSize="1899" defaultHorSize="-1" defaultVerSize="-1" type="Horizontal">
    <group size="346" prefSize="346" defaultHorSize="351.882380936551" defaultVerSize="130" type="Tabbed" currentTabPage="0">
      <item size="0" prefSize="0" defaultHorSize="130" defaultVerSize="130" id="MonoDevelop.Ide.Gui.Pads.HelpTree" visible="False" status="Dockable" />
      <item size="0" prefSize="0" defaultHorSize="130" defaultVerSize="130" id="ConnectionManagerPad" visible="False" status="Dockable" />
      <item size="NaN" prefSize="NaN" defaultHorSize="130" defaultVerSize="130" id="MonoDevelop.Ide.Gui.Pads.FileScout" visible="False" status="AutoHide" autoHidePosition="Left" autoHideSize="200" />
      <item size="0" prefSize="0" defaultHorSize="130" defaultVerSize="130" id="ProjectPad" visible="True" status="Dockable" autoHideSize="200" />
      <item size="NaN" prefSize="NaN" defaultHorSize="130" defaultVerSize="130" id="ClassPad" visible="False" status="AutoHide" autoHidePosition="Left" autoHideSize="200" />
      <item size="NaN" prefSize="NaN" defaultHorSize="130" defaultVerSize="130" id="MonoDevelop.NUnit.TestPad" visible="False" status="AutoHide" autoHidePosition="Left" autoHideSize="200" />
      <item size="130" prefSize="130" defaultHorSize="130" defaultVerSize="130" id="__left" visible="False" status="Dockable" />
    </group>
    <group size="1550" prefSize="1550" defaultHorSize="94.1222156665437" defaultVerSize="130" type="Vertical">
      <item size="165.208333333333" prefSize="165.208333333333" defaultHorSize="130" defaultVerSize="165.208333333333" id="__top" visible="False" status="Dockable" />
      <item size="976" prefSize="976" defaultHorSize="130" defaultVerSize="165.208333333333" id="Documents" visible="True" status="Dockable" />
      <group size="165.208333333333" prefSize="165.208333333333" defaultHorSize="130" defaultVerSize="165.208333333333" type="Horizontal">
        <group size="1531" prefSize="1531" defaultHorSize="130" defaultVerSize="130" type="Tabbed" currentTabPage="0">
          <item size="0" prefSize="0" defaultHorSize="130" defaultVerSize="130" id="MonoDevelop.Ide.Gui.Pads.InternalLogPad" visible="False" status="Dockable" />
          <item size="0" prefSize="0" defaultHorSize="130" defaultVerSize="130" id="MonoDevelop.Debugger.WatchPad" visible="False" status="Dockable" />
          <item size="0" prefSize="0" defaultHorSize="130" defaultVerSize="130" id="MonoDevelop.Debugger.LocalsPad" visible="False" status="Dockable" />
          <item size="0" prefSize="0" defaultHorSize="130" defaultVerSize="130" id="MonoDevelop.Debugger.BreakpointPad" visible="False" status="Dockable" />
          <item size="0" prefSize="0" defaultHorSize="130" defaultVerSize="130" id="MonoDevelop.Debugger.ThreadsPad" visible="False" status="Dockable" />
          <item size="0" prefSize="0" defaultHorSize="130" defaultVerSize="130" id="MonoDevelop.NUnit.TestResultsPad" visible="False" status="AutoHide" autoHidePosition="Bottom" autoHideSize="200" />
          <item size="0" prefSize="0" defaultHorSize="130" defaultVerSize="130" id="OutputPad-Version_Control-0" visible="False" status="AutoHide" autoHidePosition="Bottom" autoHideSize="200" />
          <item size="0" prefSize="0" defaultHorSize="130" defaultVerSize="130" id="MonoDevelop.Ide.Gui.Pads.ErrorListPad" visible="True" status="AutoHide" autoHidePosition="Bottom" autoHideSize="237" />
          <item size="NaN" prefSize="NaN" defaultHorSize="130" defaultVerSize="130" id="MonoDevelop.Ide.Gui.Pads.TaskListPad" visible="True" status="AutoHide" autoHidePosition="Bottom" autoHideSize="200" />
          <item size="0" prefSize="0" defaultHorSize="130" defaultVerSize="130" id="OutputPad-Application_Output-0" visible="False" status="AutoHide" autoHidePosition="Bottom" autoHideSize="200" />
          <item size="0" prefSize="0" defaultHorSize="130" defaultVerSize="130" id="OutputPad-Deploy_to_Device-0" visible="False" status="AutoHide" autoHidePosition="Bottom" autoHideSize="200" />
          <item size="0" prefSize="0" defaultHorSize="130" defaultVerSize="130" id="SearchPad - Search Results - 0" visible="False" status="AutoHide" autoHidePosition="Bottom" autoHideSize="355" />
          <item size="0" prefSize="0" defaultHorSize="130" defaultVerSize="130" id="OutputPad-Makefiles_Output-0" visible="False" status="AutoHide" autoHidePosition="Bottom" autoHideSize="200" />
          <item size="0" prefSize="0" defaultHorSize="130" defaultVerSize="130" id="OutputPad-MonoDevelop.Ide.ApplicationOutput-0" visible="False" status="AutoHide" autoHidePosition="Bottom" autoHideSize="200" />
          <item size="0" prefSize="0" defaultHorSize="130" defaultVerSize="130" id="OutputPad-Deploy to Device-0" visible="False" status="AutoHide" autoHidePosition="Bottom" autoHideSize="200" />
          <item size="0" prefSize="0" defaultHorSize="130" defaultVerSize="130" id="OutputPad-MonoDevelop.VersionControlOutput-0" visible="False" status="AutoHide" autoHidePosition="Bottom" autoHideSize="200" />
          <item size="0" prefSize="0" defaultHorSize="130" defaultVerSize="130" id="MonoDevelop.MonoDroid.IPhoneDeviceLogPad" visible="False" status="AutoHide" autoHidePosition="Bottom" autoHideSize="200" />
          <item size="0" prefSize="0" defaultHorSize="130" defaultVerSize="130" id="OutputPad-Publish to TestFlight-0" visible="False" status="AutoHide" autoHidePosition="Bottom" autoHideSize="200" />
          <item size="0" prefSize="0" defaultHorSize="130" defaultVerSize="130" id="OutputPad-Zip App Bundle-0" visible="False" status="AutoHide" autoHidePosition="Bottom" autoHideSize="200" />
          <item size="130" prefSize="130" defaultHorSize="130" defaultVerSize="130" id="__bottom" visible="False" status="Dockable" />
        </group>
        <group size="0" prefSize="0" defaultHorSize="130" defaultVerSize="130" type="Tabbed" currentTabPage="0">
          <item size="0" prefSize="0" defaultHorSize="-1" defaultVerSize="-1" id="MonoDevelop.Debugger.StackTracePad" visible="False" status="Dockable" />
          <item size="0" prefSize="0" defaultHorSize="130" defaultVerSize="130" id="MonoDevelop.Debugger.ImmediatePad" visible="False" status="Dockable" />
        </group>
      </group>
    </group>
    <group size="295.963967006166" prefSize="295.963967006166" defaultHorSize="295.943382708878" defaultVerSize="130" type="Tabbed" currentTabPage="0">
      <item size="NaN" prefSize="NaN" defaultHorSize="130" defaultVerSize="130" id="MonoDevelop.DesignerSupport.ToolboxPad" visible="False" status="AutoHide" autoHidePosition="Right" autoHideSize="200" />
      <item size="0" prefSize="0" defaultHorSize="130" defaultVerSize="130" id="MonoDevelop.DesignerSupport.PropertyPad" visible="True" status="AutoHide" autoHidePosition="Right" autoHideSize="334" />
      <item size="NaN" prefSize="NaN" defaultHorSize="130" defaultVerSize="130" id="MonoDevelop.DesignerSupport.DocumentOutlinePad" visible="False" status="AutoHide" autoHidePosition="Right" autoHideSize="161" />
      <item size="768" prefSize="768" defaultHorSize="130" defaultVerSize="130" id="__right" visible="False" status="Dockable" />
    </group>
  </layout>
</layouts>