﻿<?xml version="1.0" encoding="utf-8"?>
<ArrayOfDatabaseConnectionSettings xmlns:xsi="http://www.w3.org/2001/XMLSchema-instance" xmlns:xsd="http://www.w3.org/2001/XMLSchema">
  <DatabaseConnectionSettings>
    <ProviderIdentifier>Mono.Data.Sqlite</ProviderIdentifier>
    <Name>BestHF</Name>
    <Server />
    <Port>0</Port>
    <Database>/Users/jonathanpeppers/Desktop/BestHF/BestHF.iPad/BestHF.iPad/Database.db</Database>
    <Username />
    <SavePassword>false</SavePassword>
    <MinPoolSize>1</MinPoolSize>
    <MaxPoolSize>5</MaxPoolSize>
    <ConnectionString />
    <UseConnectionString>false</UseConnectionString>
    <UseIntegratedSecurity>false</UseIntegratedSecurity>
    <CanUseIntegratedSecurity>false</CanUseIntegratedSecurity>
  </DatabaseConnectionSettings>
</ArrayOfDatabaseConnectionSettings>